{
    "activeEnergy_demand": 0.8403223058333333,
    "activeEnergy_supply": 1.48412353,
    "activeEnergy_bidirect": 0
}